<?xml version="1.0" encoding="UTF-8"?>
<project-private xmlns="http://www.netbeans.org/ns/project-private/1">
    <editor-bookmarks xmlns="http://www.netbeans.org/ns/editor-bookmarks/2" lastBookmarkId="0"/>
    <open-files xmlns="http://www.netbeans.org/ns/projectui-open-files/2">
        <group>
            <file>file:/D:/Godina%202/IT255%20-%20Web%20sistemi%201/DZ2/css/styles.css</file>
            <file>file:/D:/Godina%202/IT255%20-%20Web%20sistemi%201/DZ2/aboutMe.html</file>
            <file>file:/D:/Godina%202/IT255%20-%20Web%20sistemi%201/DZ2/skills.html</file>
            <file>file:/D:/Godina%202/IT255%20-%20Web%20sistemi%201/DZ2/index.html</file>
            <file>file:/D:/Godina%202/IT255%20-%20Web%20sistemi%201/DZ2/myWork.html</file>
        </group>
    </open-files>
</project-private>
